Business Name,Input Phone,API Name,API Phone,API Address,Name Match,Address Match,Phone Match,SAB?,Match Status
,,154-19 Northern Blvd #2F-5,,"154-19 Northern Blvd #2F-5, Flushing, NY 11354, USA",Yes,Yes,Yes,No,
,,,,,,,,N/A,No result found
,,3915 Blenheim Blvd STE 22C,,"3915 Blenheim Blvd STE 22C, Fairfax, VA 22030, USA",Yes,Yes,Yes,No,
,,225 Hamilton St,,"225 Hamilton St, Kerrville, TX 78028, USA",Yes,Yes,Yes,No,
,,"995a, 11th Main Rd",,"995a, 11th Main Rd, Anna Nagar, Ranganathan Garden, Anna Nagar, Chennai, Tamil Nadu 600040, India",Yes,No,Yes,No,
,,4405 Winfield Rd,,"4405 Winfield Rd, Warrenville, IL 60555, USA",Yes,No,Yes,No,
,,736 Mountain Blvd,,"736 Mountain Blvd, Oakland, CA 94611, USA",Yes,Yes,Yes,No,
,,50A US-9,,"50A US-9, Morganville, NJ 07751, USA",Yes,Yes,Yes,No,
,,Nan's Skin,093614 50558,"Sudharma Apartment, E-13, 1st St, A K Swamy Nagar, Kilpauk, Chennai, Tamil Nadu 600010, India",Yes,No,Yes,No,
,,Nan's Skin,093614 50558,"Sudharma Apartment, E-13, 1st St, A K Swamy Nagar, Kilpauk, Chennai, Tamil Nadu 600010, India",Yes,No,Yes,No,
,,Nan's Skin,093614 50558,"Sudharma Apartment, E-13, 1st St, A K Swamy Nagar, Kilpauk, Chennai, Tamil Nadu 600010, India",Yes,No,Yes,No,
,,680 Speedwell Ave,,"680 Speedwell Ave, Morris Plains, NJ 07950, USA",Yes,No,Yes,No,
,,Crema Hair Lounge,(306) 384-2203,"536 2nd Ave N #210, Saskatoon, SK S7K 2C5, Canada",Yes,No,Yes,No,
,,1 Aspen Pl,,"1 Aspen Pl, Ringwood, NJ 07456, USA",Yes,Yes,Yes,No,
,,166 Regent's Park Rd,,"166 Regent's Park Rd, London NW1 8XN, UK",Yes,No,Yes,No,
,,1 Nucor Way,,"1 Nucor Way, Bourbonnais, IL 60914, USA",Yes,Yes,Yes,No,
,,407 E Plank Rd,,"407 E Plank Rd, Altoona, PA 16602, USA",Yes,No,Yes,No,
,,High St,,"High St, West Tambaram, Tambaram, Chennai, Tamil Nadu 600045, India",Yes,No,Yes,No,
,,Tamil Nadu Prison Department,044 2852 1512,"37G7+QMG Director General Of Police And Director General Of Jails, Director General Of Police And Director General Of Jails, Whannels Rd, Ansari Estate, Egmore, Chennai, Tamil Nadu 600008, India",Yes,No,Yes,No,
,,660 Fort Worth Ave Suite 100,,"660 Fort Worth Ave Suite 100, Dallas, TX 75208, USA",Yes,No,Yes,No,
,,111 Idylwyld Dr N,,"111 Idylwyld Dr N, Saskatoon, SK S7L 0Y6, Canada",Yes,Yes,Yes,No,
,,Nan's Skin,093614 50558,"Sudharma Apartment, E-13, 1st St, A K Swamy Nagar, Kilpauk, Chennai, Tamil Nadu 600010, India",Yes,No,Yes,No,
,,1 Riverside Dr,,"1 Riverside Dr, New York, NY 10023, USA",Yes,No,Yes,No,
,,1500 County Rd 517 Suite 105,,"1500 County Rd 517 Suite 105, Allamuchy Township, NJ 07820, USA",Yes,Yes,Yes,No,
,,280 NJ-35 #204,,"280 NJ-35 #204, Red Bank, NJ 07701, USA",Yes,Yes,Yes,No,
,,68 Washington St,,"68 Washington St, Mt Clemens, MI 48043, USA",Yes,Yes,Yes,No,
,,40 Broad St #101,,"40 Broad St #101, New York, NY 10004, USA",Yes,No,Yes,No,
,,309 Rock Ave,,"309 Rock Ave, Green Brook Township, NJ 08812, USA",Yes,Yes,Yes,No,
,,50 Princeton Hightstown Rd,,"50 Princeton Hightstown Rd, Princeton Junction, NJ 08550, USA",Yes,Yes,Yes,No,
,,8100 Sandpiper Cir STE 102,,"8100 Sandpiper Cir STE 102, Nottingham, MD 21236, USA",Yes,Yes,Yes,No,
,,1801 E 2nd St,,"1801 E 2nd St, Austin, TX 78702, USA",Yes,Yes,Yes,No,
,,81st St,,"81st St, Sector 10, Sector 13, Chennai, Tamil Nadu, India",Yes,No,Yes,No,
,,Nan's Skin,093614 50558,"Sudharma Apartment, E-13, 1st St, A K Swamy Nagar, Kilpauk, Chennai, Tamil Nadu 600010, India",Yes,No,Yes,No,
,,Nan's Skin,093614 50558,"Sudharma Apartment, E-13, 1st St, A K Swamy Nagar, Kilpauk, Chennai, Tamil Nadu 600010, India",Yes,No,Yes,No,
,,Nan's Skin,093614 50558,"Sudharma Apartment, E-13, 1st St, A K Swamy Nagar, Kilpauk, Chennai, Tamil Nadu 600010, India",Yes,No,Yes,No,
,,Nan's Skin,093614 50558,"Sudharma Apartment, E-13, 1st St, A K Swamy Nagar, Kilpauk, Chennai, Tamil Nadu 600010, India",Yes,No,Yes,No,
,,751 Horizon Ct #115,,"751 Horizon Ct #115, Grand Junction, CO 81506, USA",Yes,No,Yes,No,
,,2002 Airport Dr,,"2002 Airport Dr, Saskatoon, SK S7L 6M4, Canada",Yes,No,Yes,No,
,,95-08 Queens Blvd,,"95-08 Queens Blvd, Rego Park, NY 11374, USA",Yes,Yes,Yes,No,
,,1330 Parkway Ave #11,,"1330 Parkway Ave #11, Ewing Township, NJ 08628, USA",Yes,Yes,Yes,No,
,,"106, 4th Cross St",,"106, 4th Cross St, Vaishnavi Nagar, Cholambedu, Chennai, Tamil Nadu 600109, India",Yes,No,Yes,No,
,,Pan-American Hwy,,"Carr. Panamericana, Panamá, Provincia de Panamá, Panama",Yes,No,Yes,No,
,,1106 8 St E,,"1106 8 St E, Saskatoon, SK S7H 0S4, Canada",Yes,No,Yes,No,
,,2,,"2, 37b Millharbour, London E14 9TX, UK",Yes,No,Yes,No,
,,44 Monmouth Rd,,"44 Monmouth Rd, Oakhurst, NJ 07755, USA",Yes,Yes,Yes,No,
,,420 NJ-34 Suite 331,,"420 NJ-34 Suite 331, Colts Neck, NJ 07722, USA",Yes,Yes,Yes,No,
,,Nan's Skin,093614 50558,"Sudharma Apartment, E-13, 1st St, A K Swamy Nagar, Kilpauk, Chennai, Tamil Nadu 600010, India",Yes,No,Yes,No,
,,"119, 33rd St",,"119, 33rd St, TNHB Colony, Villivakkam, Chennai, Tamil Nadu 600049, India",Yes,No,Yes,No,
,,Padinjaramury House,094427 92107,"Kappala, Tamil Nadu 643239, India",Yes,No,Yes,No,
,,Nan's Skin,093614 50558,"Sudharma Apartment, E-13, 1st St, A K Swamy Nagar, Kilpauk, Chennai, Tamil Nadu 600010, India",Yes,No,Yes,No,
,,257 Monmouth Rd STE 5B,,"257 Monmouth Rd STE 5B, Oakhurst, NJ 07755, USA",Yes,No,Yes,No,
,,Paoli OB/GYN,(610) 889-9550,"255 W Lancaster Ave # 227, Paoli, PA 19301, USA",Yes,No,Yes,No,
,,2m,,"2m, 245, Main St, Teachers Colony, Chennai, Tamil Nadu 600053, India",Yes,No,Yes,No,
,,3499 US-9 #2B,,"3499 US-9 #2B, Freehold, NJ 07728, USA",Yes,No,Yes,No,
,,186 County Rte 520 #1,,"186 County Rte 520 #1, Morganville, NJ 07751, USA",Yes,Yes,Yes,No,
,,Nan's Skin,093614 50558,"Sudharma Apartment, E-13, 1st St, A K Swamy Nagar, Kilpauk, Chennai, Tamil Nadu 600010, India",Yes,No,Yes,No,
,,Nan's Skin,093614 50558,"Sudharma Apartment, E-13, 1st St, A K Swamy Nagar, Kilpauk, Chennai, Tamil Nadu 600010, India",Yes,No,Yes,No,
,,Nan's Skin,093614 50558,"Sudharma Apartment, E-13, 1st St, A K Swamy Nagar, Kilpauk, Chennai, Tamil Nadu 600010, India",Yes,No,Yes,No,
,,Nan's Skin,093614 50558,"Sudharma Apartment, E-13, 1st St, A K Swamy Nagar, Kilpauk, Chennai, Tamil Nadu 600010, India",Yes,No,Yes,No,
,,Nan's Skin,093614 50558,"Sudharma Apartment, E-13, 1st St, A K Swamy Nagar, Kilpauk, Chennai, Tamil Nadu 600010, India",Yes,No,Yes,No,
,,Manin St,,"Manin St, Wynnum QLD 4178, Australia",Yes,No,Yes,No,
,,7950 NW 53rd St Suit 337,,"7950 NW 53rd St Suit 337, Miami, FL 33166, USA",Yes,No,Yes,No,
,,2200 N Commerce Pkwy #200,,"2200 N Commerce Pkwy #200, Weston, FL 33326, USA",Yes,No,Yes,No,
,,740 NJ-34 Suite D,,"740 NJ-34 Suite D, Matawan, NJ 07747, USA",Yes,Yes,Yes,No,
,,35 Beaverson Blvd B,,"35 Beaverson Blvd B, Brick Township, NJ 08723, USA",Yes,Yes,Yes,No,
,,"100, Dairy Farm Rd",,"100, Dairy Farm Rd, Ramapuram, Alandur, Chennai, Tamil Nadu 600016, India",Yes,No,Yes,No,
,,"124, W Main Rd",,"124, W Main Rd, Kumudam Nagar, Mugalivakkam, Chennai, Tamil Nadu 600125, India",Yes,No,Yes,No,
,,Redhills - Thiruvallur High Rd,,"Redhills - Thiruvallur High Rd, Tamil Nadu, India",Yes,No,Yes,No,
,,913 NJ-23 Suite 101,,"913 NJ-23 Suite 101, Pompton Plains, NJ 07444, USA",Yes,Yes,Yes,No,
,,1st Main Rd,,"1st Main Rd, Manthoppu Nagar, Ambattur, Chennai, Tamil Nadu 600053, India",Yes,No,Yes,No,
,,Core Wellness,(929) 200-8882,"150-07 Bayside Ave #1FL, Flushing, NY 11354, USA",Yes,Yes,Yes,No,
,,Nan's Skin,093614 50558,"Sudharma Apartment, E-13, 1st St, A K Swamy Nagar, Kilpauk, Chennai, Tamil Nadu 600010, India",Yes,No,Yes,No,
,,Nan's Skin,093614 50558,"Sudharma Apartment, E-13, 1st St, A K Swamy Nagar, Kilpauk, Chennai, Tamil Nadu 600010, India",Yes,No,Yes,No,
,,Nan's Skin,093614 50558,"Sudharma Apartment, E-13, 1st St, A K Swamy Nagar, Kilpauk, Chennai, Tamil Nadu 600010, India",Yes,No,Yes,No,
,,Nan's Skin,093614 50558,"Sudharma Apartment, E-13, 1st St, A K Swamy Nagar, Kilpauk, Chennai, Tamil Nadu 600010, India",Yes,No,Yes,No,
,,,,,,,,N/A,No result found
,,3310 8 St E,,"3310 8 St E, Saskatoon, SK S7H 4Y1, Canada",Yes,No,Yes,No,
,,NEW BORN CAKES - A Premium cake factory,099622 07093,"25, Arunachalam Rd, Pushpa Colony, Vadapalani, Chennai, Tamil Nadu 600026, India",Yes,No,Yes,No,
,,"119, 33rd St",,"119, 33rd St, TNHB Colony, Villivakkam, Chennai, Tamil Nadu 600049, India",Yes,No,Yes,No,
,,HW94+H3H Centre Nongrim Hills,,"HW94+H3H Centre Nongrim Hills, Nongrimbah, Shillong, Meghalaya 793003, India",Yes,Yes,Yes,No,
,,Titanic Museum Attraction,(417) 334-9500,"2134 Parkway, Pigeon Forge, TN 37863, USA",Yes,Yes,Yes,No,
,,Airports Authority of India Operational Offices,044 2256 1122,"Chennai International Airport, X5M9+GGM, Grand Southern Trunk Rd, next to New Terminal, Meenambakkam, Chennai, Tamil Nadu 600016, India",Yes,No,Yes,No,
,,The George,,"The George, 506 Fulham Rd., London SW6 5NJ, UK",Yes,No,Yes,No,
,,Smith St,,"Smith St, Express Estate, Royapettah, Chennai, Tamil Nadu, India",Yes,No,Yes,No,
,,KFC Yum! Center,(502) 690-9000,"1 Arena Plaza, Louisville, KY 40202, USA",Yes,Yes,Yes,No,
,,"ZUDIO - Guduvanchery, Chennai",088380 55120,"V326+4QW, 7, Grand Southern Trunk Rd, Nandivaram, Guduvancheri, Chennai, Tamil Nadu 603202, India",Yes,Yes,Yes,No,
,,Birkuchi,,"Birkuchi, Narengi Tinali, Guwahati, Assam, India",Yes,Yes,Yes,No,
,,Nan's Skin,093614 50558,"Sudharma Apartment, E-13, 1st St, A K Swamy Nagar, Kilpauk, Chennai, Tamil Nadu 600010, India",Yes,No,Yes,No,
,,2520 N Andrews Avenue Extension,,"2520 N Andrews Avenue Extension, Fort Lauderdale, FL 33311, USA",Yes,Yes,Yes,No,
,,1000 Business Center Dr,,"1000 Business Center Dr, Lake Mary, FL 32746, USA",Yes,Yes,Yes,No,
,,Nan's Skin,093614 50558,"Sudharma Apartment, E-13, 1st St, A K Swamy Nagar, Kilpauk, Chennai, Tamil Nadu 600010, India",Yes,No,Yes,No,
,,Nan's Skin,093614 50558,"Sudharma Apartment, E-13, 1st St, A K Swamy Nagar, Kilpauk, Chennai, Tamil Nadu 600010, India",Yes,No,Yes,No,
,,Nan's Skin,093614 50558,"Sudharma Apartment, E-13, 1st St, A K Swamy Nagar, Kilpauk, Chennai, Tamil Nadu 600010, India",Yes,No,Yes,No,
,,Nan's Skin,093614 50558,"Sudharma Apartment, E-13, 1st St, A K Swamy Nagar, Kilpauk, Chennai, Tamil Nadu 600010, India",Yes,No,Yes,No,
,,Nan's Skin,093614 50558,"Sudharma Apartment, E-13, 1st St, A K Swamy Nagar, Kilpauk, Chennai, Tamil Nadu 600010, India",Yes,No,Yes,No,
,,118 West 76th Street,(212) 574-6965,"118 W 76th St, New York, NY 10023, USA",Yes,No,Yes,No,
,,Nan's Skin,093614 50558,"Sudharma Apartment, E-13, 1st St, A K Swamy Nagar, Kilpauk, Chennai, Tamil Nadu 600010, India",Yes,No,Yes,No,
,,Nan's Skin,093614 50558,"Sudharma Apartment, E-13, 1st St, A K Swamy Nagar, Kilpauk, Chennai, Tamil Nadu 600010, India",Yes,No,Yes,No,
,,Nan's Skin,093614 50558,"Sudharma Apartment, E-13, 1st St, A K Swamy Nagar, Kilpauk, Chennai, Tamil Nadu 600010, India",Yes,No,Yes,No,
,,Nan's Skin,093614 50558,"Sudharma Apartment, E-13, 1st St, A K Swamy Nagar, Kilpauk, Chennai, Tamil Nadu 600010, India",Yes,No,Yes,No,
,,1301 Dredge Pl,,"1301 Dredge Pl, Wasilla, AK 99654, USA",Yes,No,Yes,No,
,,Nan's Skin,093614 50558,"Sudharma Apartment, E-13, 1st St, A K Swamy Nagar, Kilpauk, Chennai, Tamil Nadu 600010, India",Yes,No,Yes,No,
,,615 Vanderbilt Ave,,"615 Vanderbilt Ave, Brooklyn, NY 11238, USA",Yes,No,Yes,No,
,,4711 Opus Dr #200,,"4711 Opus Dr #200, Colorado Springs, CO 80906, USA",Yes,No,Yes,No,
,,287 New Kings Rd,,"287 New Kings Rd, London SW6 4RE, UK",Yes,No,Yes,No,
,,1320 Weaver St,,"1320 Weaver St, Rawlins, WY 82301, USA",Yes,No,Yes,No,
,,1st Ave,,"1st Ave, Ambattur, Chennai, Tamil Nadu 600053, India",Yes,No,Yes,No,
,,Ramona,0161 441 9020,"40 Swan St, Manchester M4 5JG, UK",Yes,No,Yes,No,
,,6568 Woodward Ave Suite 100,,"6568 Woodward Ave Suite 100, Detroit, MI 48202, USA",Yes,Yes,Yes,No,
,,Nan's Skin,093614 50558,"Sudharma Apartment, E-13, 1st St, A K Swamy Nagar, Kilpauk, Chennai, Tamil Nadu 600010, India",Yes,No,Yes,No,
,,4831 US-42,,"4831 US-42, Ghent, KY 41045, USA",Yes,No,Yes,No,
,,723 Guess St,,"723 Guess St, Greenville, SC 29605, USA",Yes,No,Yes,No,
,,180 Tices Ln #105,,"A, 180 Tices Ln #105, East Brunswick, NJ 08816, USA",Yes,No,Yes,No,
,,47 Hamburg Tpke,,"47 Hamburg Tpke, Wayne, NJ 07470, USA",Yes,No,Yes,No,
,,3010 Bordentown Ave,,"3010 Bordentown Ave, Parlin, NJ 08859, USA",Yes,Yes,Yes,No,
,,388 Pompton Ave,,"388 Pompton Ave, Cedar Grove, NJ 07009, USA",Yes,Yes,Yes,No,
,,493 Norwood Rd,,"493 Norwood Rd, Norwood, London SE27 9DJ, UK",Yes,No,Yes,No,
,,764 Jefferson Ave,,"764 Jefferson Ave, Cliffside Park, NJ 07010, USA",Yes,Yes,Yes,No,
,,Nan's Skin,093614 50558,"Sudharma Apartment, E-13, 1st St, A K Swamy Nagar, Kilpauk, Chennai, Tamil Nadu 600010, India",Yes,No,Yes,No,
,,Nan's Skin,093614 50558,"Sudharma Apartment, E-13, 1st St, A K Swamy Nagar, Kilpauk, Chennai, Tamil Nadu 600010, India",Yes,No,Yes,No,
,,Nan's Skin,093614 50558,"Sudharma Apartment, E-13, 1st St, A K Swamy Nagar, Kilpauk, Chennai, Tamil Nadu 600010, India",Yes,No,Yes,No,
,,Nan's Skin,093614 50558,"Sudharma Apartment, E-13, 1st St, A K Swamy Nagar, Kilpauk, Chennai, Tamil Nadu 600010, India",Yes,No,Yes,No,
,,Nan's Skin,093614 50558,"Sudharma Apartment, E-13, 1st St, A K Swamy Nagar, Kilpauk, Chennai, Tamil Nadu 600010, India",Yes,No,Yes,No,
,,4537 Nucor Rd,,"4537 Nucor Rd, Crawfordsville, IN 47933, USA",Yes,Yes,Yes,No,
,,Manchester Square,,"Manchester Square, London, UK",Yes,Yes,Yes,No,
,,Laitumkhrah Post Office,0364 222 1914,"HVCW+HC5, Nongkynrih, Laitumkhrah, Shillong, Meghalaya 793003, India",Yes,No,Yes,No,
,,129-131 Notting Hill Gate,,"129-131 Notting Hill Gate, London W11 3LB, UK",Yes,Yes,Yes,No,
,,45 Turnham Green Terrace,,"45 Turnham Green Terrace, Chiswick, London W4 1RG, UK",Yes,Yes,Yes,No,
,,9 Cale St,,"9 Cale St, London SW3 3QS, UK",Yes,No,Yes,No,
,,53 Abbeville Rd,,"53 Abbeville Rd, London SW4 9JX, UK",Yes,No,Yes,No,
,,59 Cadogan St,,"59 Cadogan St, London SW3 2QJ, UK",Yes,No,Yes,No,
,,250 Willis Cres,,"250 Willis Cres, Saskatoon, SK S7T 0V2, Canada",Yes,No,Yes,No,
,,The Keg Steakhouse + Bar - Saskatoon Brighton,(306) 244-0024,"143 Gibson Bnd, Saskatoon, SK S7V 0V2, Canada",Yes,Yes,Yes,No,
,,Nan's Skin,093614 50558,"Sudharma Apartment, E-13, 1st St, A K Swamy Nagar, Kilpauk, Chennai, Tamil Nadu 600010, India",Yes,No,Yes,No,
,,1803 Idylwyld Dr N,,"1803 Idylwyld Dr N, Saskatoon, SK S7L 1B6, Canada",Yes,Yes,Yes,No,
,,Nan's Skin,093614 50558,"Sudharma Apartment, E-13, 1st St, A K Swamy Nagar, Kilpauk, Chennai, Tamil Nadu 600010, India",Yes,No,Yes,No,
,,Nan's Skin,093614 50558,"Sudharma Apartment, E-13, 1st St, A K Swamy Nagar, Kilpauk, Chennai, Tamil Nadu 600010, India",Yes,No,Yes,No,
,,,,,,,,N/A,No result found
,,,,,,,,N/A,No result found
,,Nan's Skin,093614 50558,"Sudharma Apartment, E-13, 1st St, A K Swamy Nagar, Kilpauk, Chennai, Tamil Nadu 600010, India",Yes,No,Yes,No,
,,North Ave,,"North Ave, Korattur, Chennai, Tamil Nadu 600080, India",Yes,No,Yes,No,
,,Rajaji Rd,,"Rajaji Rd, Chennai, Tamil Nadu, India",Yes,No,Yes,No,
,,Nan's Skin,093614 50558,"Sudharma Apartment, E-13, 1st St, A K Swamy Nagar, Kilpauk, Chennai, Tamil Nadu 600010, India",Yes,No,Yes,No,
,,Nan's Skin,093614 50558,"Sudharma Apartment, E-13, 1st St, A K Swamy Nagar, Kilpauk, Chennai, Tamil Nadu 600010, India",Yes,No,Yes,No,
,,Nan's Skin,093614 50558,"Sudharma Apartment, E-13, 1st St, A K Swamy Nagar, Kilpauk, Chennai, Tamil Nadu 600010, India",Yes,No,Yes,No,
,,Nan's Skin,093614 50558,"Sudharma Apartment, E-13, 1st St, A K Swamy Nagar, Kilpauk, Chennai, Tamil Nadu 600010, India",Yes,No,Yes,No,
,,"146, Perundurai Rd",,"146, Perundurai Rd, Perundurai, Tamil Nadu 638052, India",Yes,No,Yes,No,
,,24 Northeast Dr a,,"24 Northeast Dr a, Austin, TX 78723, USA",Yes,No,Yes,No,
,,321 Mantoloking Rd,,"321 Mantoloking Rd, Brick Township, NJ 08723, USA",Yes,Yes,Yes,No,
,,261 Springfield Ave Suite 202,,"261 Springfield Ave Suite 202, Berkeley Heights, NJ 07922, USA",Yes,Yes,Yes,No,
,,North Ave,,"North Ave, Korattur, Chennai, Tamil Nadu 600080, India",Yes,No,Yes,No,
,,Professional Arts Building,,"Professional Arts Building, 100 E Chester Pike, Ridley Park, PA 19078, USA",Yes,Yes,Yes,No,
,,28256 Diehl Rd,,"28256 Diehl Rd, Warrenville, IL 60555, USA",Yes,No,Yes,No,
,,Core Chiropractic,(719) 599-8682,"4730 Centennial Blvd Ste102, Colorado Springs, CO 80919, USA",Yes,Yes,Yes,No,
,,601 Ewing St,,"601 Ewing St, Princeton, NJ 08540, USA",Yes,Yes,Yes,No,
,,511 New Brunswick Ave,,"511 New Brunswick Ave, Fords, NJ 08863, USA",Yes,Yes,Yes,No,
,,Talegaon Dabhade Rd,,"Talegaon Dabhade Rd, Talegaon Dabhade, Maharashtra, India",Yes,No,Yes,No,
,,Burndale Rd,,"Burndale Rd, California 95476, USA",Yes,Yes,Yes,No,
,,8 Hillside Ave #103,,"8 Hillside Ave #103, Great Barrington, MA 01230, USA",Yes,Yes,Yes,No,
,,,,,,,,N/A,No result found
,,1910 Washington Valley Rd STE 4,,"1910 Washington Valley Rd STE 4, Martinsville, NJ 08836, USA",Yes,Yes,Yes,No,
,,Rathinam St,,"Rathinam St, Ganapathy Colony, Royapettah, Chennai, Tamil Nadu, India",Yes,No,Yes,No,
,,Saskatoon City Hall,(306) 975-2476,"222 3rd Ave N, Saskatoon, SK S7K 0J5, Canada",Yes,Yes,Yes,No,
,,1163 Forest Ave,,"1163 Forest Ave, Staten Island, NY 10310, USA",Yes,Yes,Yes,No,
,,2807 Brunswick Pike #2,,"2807 Brunswick Pike #2, Lawrence Township, NJ 08648, USA",Yes,No,Yes,No,
,,495 Union Ave #1b,,"495 Union Ave #1b, Middlesex, NJ 08846, USA",Yes,Yes,Yes,No,
,,1124 Pike St,,"1124 Pike St, Seattle, WA 98101, USA",Yes,Yes,Yes,No,
,,Nan's Skin,093614 50558,"Sudharma Apartment, E-13, 1st St, A K Swamy Nagar, Kilpauk, Chennai, Tamil Nadu 600010, India",Yes,No,Yes,No,
,,Nan's Skin,093614 50558,"Sudharma Apartment, E-13, 1st St, A K Swamy Nagar, Kilpauk, Chennai, Tamil Nadu 600010, India",Yes,No,Yes,No,
,,"UPTOWN | 24/7 entertainment centre, Kathipara Urban Square",1800 4253 1111,"Kathipara Bridge, Under, Metro Station Guindy, Kathipara Junction, near Alandur, Ramapuram, Chakrapani Colony, St.Thomas Mount, Tamil Nadu 600016, India",Yes,No,Yes,No,
,,Accoland,099541 71224,"Guwahati-Accoland-Rani Rd, near BSF Headquarters, Pat Gaon, Garbhanga F.V., Assam 781015, India",Yes,No,Yes,No,
,,High St,,"High St, West Tambaram, Tambaram, Chennai, Tamil Nadu 600045, India",Yes,No,Yes,No,
,,Chennai,,"Chennai, Tamil Nadu, India",Yes,Yes,Yes,No,
,,High St,,"High St, West Tambaram, Tambaram, Chennai, Tamil Nadu 600045, India",Yes,No,Yes,No,
,,Savera Hotel,,"Savera Hotel, 146, Dr Radha Krishnan Salai, Mylapore, Chennai, Tamil Nadu 600004, India",Yes,Yes,Yes,No,
,,Nan's Skin,093614 50558,"Sudharma Apartment, E-13, 1st St, A K Swamy Nagar, Kilpauk, Chennai, Tamil Nadu 600010, India",Yes,No,Yes,No,
,,Nan's Skin,093614 50558,"Sudharma Apartment, E-13, 1st St, A K Swamy Nagar, Kilpauk, Chennai, Tamil Nadu 600010, India",Yes,No,Yes,No,
,,Nan's Skin,093614 50558,"Sudharma Apartment, E-13, 1st St, A K Swamy Nagar, Kilpauk, Chennai, Tamil Nadu 600010, India",Yes,No,Yes,No,
,,Nan's Skin,093614 50558,"Sudharma Apartment, E-13, 1st St, A K Swamy Nagar, Kilpauk, Chennai, Tamil Nadu 600010, India",Yes,No,Yes,No,
,,Nan's Skin,093614 50558,"Sudharma Apartment, E-13, 1st St, A K Swamy Nagar, Kilpauk, Chennai, Tamil Nadu 600010, India",Yes,No,Yes,No,
,,Nan's Skin,093614 50558,"Sudharma Apartment, E-13, 1st St, A K Swamy Nagar, Kilpauk, Chennai, Tamil Nadu 600010, India",Yes,No,Yes,No,
,,Nan's Skin,093614 50558,"Sudharma Apartment, E-13, 1st St, A K Swamy Nagar, Kilpauk, Chennai, Tamil Nadu 600010, India",Yes,No,Yes,No,
,,Nan's Skin,093614 50558,"Sudharma Apartment, E-13, 1st St, A K Swamy Nagar, Kilpauk, Chennai, Tamil Nadu 600010, India",Yes,No,Yes,No,
,,Nan's Skin,093614 50558,"Sudharma Apartment, E-13, 1st St, A K Swamy Nagar, Kilpauk, Chennai, Tamil Nadu 600010, India",Yes,No,Yes,No,
,,Nan's Skin,093614 50558,"Sudharma Apartment, E-13, 1st St, A K Swamy Nagar, Kilpauk, Chennai, Tamil Nadu 600010, India",Yes,No,Yes,No,
,,Nan's Skin,093614 50558,"Sudharma Apartment, E-13, 1st St, A K Swamy Nagar, Kilpauk, Chennai, Tamil Nadu 600010, India",Yes,No,Yes,No,
,,501 Allwood Rd,,"501 Allwood Rd, Clifton, NJ 07012, USA",Yes,Yes,Yes,No,
,,415 Wall St,,"415 Wall St, Elmira, NY 14905, USA",Yes,Yes,Yes,No,
,,85 Raritan Ave Suite 430,,"85 Raritan Ave Suite 430, Highland Park, NJ 08904, USA",Yes,Yes,Yes,No,
,,340 E Northfield Rd Suite 2E,,"340 E Northfield Rd Suite 2E, Livingston, NJ 07039, USA",Yes,No,Yes,No,
,,16 Leigh St,,"16 Leigh St, West End QLD 4810, Australia",Yes,Yes,Yes,No,
,,2m,,"2m, 245, Main St, Teachers Colony, Chennai, Tamil Nadu 600053, India",Yes,No,Yes,No,
,,1709 Langhorne Newtown Rd #3,,"1709 Langhorne Newtown Rd #3, Langhorne, PA 19047, USA",Yes,Yes,Yes,No,
,,540 Bound Brook Rd Suite 2,,"540 Bound Brook Rd Suite 2, Middlesex, NJ 08846, USA",Yes,Yes,Yes,No,
,,Khajoori Sadak,,"Khajoori Sadak, Madhya Pradesh 462030, India",Yes,Yes,Yes,No,
,,8420 West Chester Pike,,"8420 West Chester Pike, Upper Darby Township, PA 19082, USA",Yes,Yes,Yes,No,
,,Nan's Skin,093614 50558,"Sudharma Apartment, E-13, 1st St, A K Swamy Nagar, Kilpauk, Chennai, Tamil Nadu 600010, India",Yes,No,Yes,No,
,,Hubli - Dharwad Rd,,"Hubli - Dharwad Rd, Karnataka, India",Yes,No,Yes,No,
,,The Chel Centre,,"The Chel Centre, 26 Roundhay Rd, Leeds LS7 1AB, UK",Yes,No,Yes,No,
,,239 Earls Ct Rd,,"239 Earls Ct Rd, London SW5 9AH, UK",Yes,No,Yes,No,
,,"5, Church Rd",,"5, Church Rd, Ayappakkam, Chennai, Tamil Nadu 600077, India",Yes,No,Yes,No,
,,1904 Saskatchewan Ave,,"1904 Saskatchewan Ave, Saskatoon, SK S7K 1R2, Canada",Yes,Yes,Yes,No,
,,,,,,,,N/A,No result found
,,1 Aspen St,,"1 Aspen St, Moonee Ponds VIC 3039, Australia",Yes,Yes,Yes,No,
,,Chennai,,"Chennai, Tamil Nadu, India",Yes,Yes,Yes,No,
,,Nan's Skin,093614 50558,"Sudharma Apartment, E-13, 1st St, A K Swamy Nagar, Kilpauk, Chennai, Tamil Nadu 600010, India",Yes,No,Yes,No,
,,32nd Ave,,"32nd Ave, North Banu Nagar, Banu Nagar, Chennai, Tamil Nadu, India",Yes,No,Yes,No,
,,780 Beatty St,,"780 Beatty St, Vancouver, BC V6B 2M1, Canada",Yes,No,Yes,No,
,,Bejai Main Rd,,"Bejai Main Rd, Mangaluru, Karnataka 575004, India",Yes,No,Yes,No,
,,351 Avondale Rd,,"351 Avondale Rd, Newport, NS B0N 2A0, Canada",Yes,No,Yes,No,
,,250 Willis Cres,,"250 Willis Cres, Saskatoon, SK S7T 0V2, Canada",Yes,No,Yes,No,
,,Airport Rd,,"Airport Rd, Meenambakkam, Chennai, Tamil Nadu 600016, India",Yes,No,Yes,No,
,,St Margarets Road,,"Horsforth, Leeds LS18 5BD, UK",Yes,No,Yes,No,
,,High St,,"High St, West Tambaram, Tambaram, Chennai, Tamil Nadu 600045, India",Yes,No,Yes,No,
,,3555 NW 83rd Ave Suite 320,,"3555 NW 83rd Ave Suite 320, Doral, FL 33122, USA",Yes,No,Yes,No,
,,1706 Preston Ave N,,"1706 Preston Ave N, Saskatoon, SK S7N 4Y1, Canada",Yes,Yes,Yes,No,
,,Nan's Skin,093614 50558,"Sudharma Apartment, E-13, 1st St, A K Swamy Nagar, Kilpauk, Chennai, Tamil Nadu 600010, India",Yes,No,Yes,No,
,,Paoli OB/GYN,(610) 889-9550,"255 W Lancaster Ave # 227, Paoli, PA 19301, USA",Yes,No,Yes,No,
,,Old Purulia Rd,,"Old Purulia Rd, Jamshedpur, Jharkhand 832110, India",Yes,No,Yes,No,
,,KFC Yum! Center,(502) 690-9000,"1 Arena Plaza, Louisville, KY 40202, USA",Yes,Yes,Yes,No,
,,Nan's Skin,093614 50558,"Sudharma Apartment, E-13, 1st St, A K Swamy Nagar, Kilpauk, Chennai, Tamil Nadu 600010, India",Yes,No,Yes,No,
,,519 8th Ave Rm 811,,"519 8th Ave Rm 811, New York, NY 10018, USA",Yes,No,Yes,No,
,,740 NJ-34,,"740 NJ-34, Matawan, NJ 07747, USA",Yes,Yes,Yes,No,
,,"136, Paul Appaswamy St",,"136, Paul Appaswamy St, Satyamurthy Nagar, T. Nagar, Chennai, Tamil Nadu 600017, India",Yes,No,Yes,No,
,,776 Amboy Ave # 200,,"776 Amboy Ave # 200, Edison, NJ 08837, USA",Yes,Yes,Yes,No,
,,Oglesby,,"Oglesby, IL 61348, USA",Yes,Yes,Yes,No,
,,Mindful Minds Psychiatry,(720) 458-5413,"1945 Dominion Way # 110, Colorado Springs, CO 80918, USA",Yes,No,Yes,No,
,,1390 E Valley Rd #1c,,"1390 E Valley Rd #1c, Basalt, CO 81621, USA",Yes,No,Yes,No,
,,1075 Easton Ave,,"1075 Easton Ave, Somerset, NJ 08873, USA",Yes,Yes,Yes,No,
,,Geology Bldg,,"Geology Bldg, 114 Science Pl, Saskatoon, SK S7N 0X2, Canada",Yes,Yes,Yes,No,
,,35 E 38th St #1b,,"35 E 38th St #1b, New York, NY 10016, USA",Yes,Yes,Yes,No,
,,21B Stangl Rd,,"21B Stangl Rd, Flemington, NJ 08822, USA",Yes,Yes,Yes,No,
,,1910 Washington Valley Rd STE 4,,"1910 Washington Valley Rd STE 4, Martinsville, NJ 08836, USA",Yes,Yes,Yes,No,
,,1801 E 2nd St,,"1801 E 2nd St, Austin, TX 78702, USA",Yes,Yes,Yes,No,
,,311 Chestnut St,,"311 Chestnut St, West Memphis, AR 72301, USA",Yes,Yes,Yes,No,
,,Nan's Skin,093614 50558,"Sudharma Apartment, E-13, 1st St, A K Swamy Nagar, Kilpauk, Chennai, Tamil Nadu 600010, India",Yes,No,Yes,No,
,,Nan's Skin,093614 50558,"Sudharma Apartment, E-13, 1st St, A K Swamy Nagar, Kilpauk, Chennai, Tamil Nadu 600010, India",Yes,No,Yes,No,
,,Nan's Skin,093614 50558,"Sudharma Apartment, E-13, 1st St, A K Swamy Nagar, Kilpauk, Chennai, Tamil Nadu 600010, India",Yes,No,Yes,No,
,,Nan's Skin,093614 50558,"Sudharma Apartment, E-13, 1st St, A K Swamy Nagar, Kilpauk, Chennai, Tamil Nadu 600010, India",Yes,No,Yes,No,
,,Nan's Skin,093614 50558,"Sudharma Apartment, E-13, 1st St, A K Swamy Nagar, Kilpauk, Chennai, Tamil Nadu 600010, India",Yes,No,Yes,No,
,,Nan's Skin,093614 50558,"Sudharma Apartment, E-13, 1st St, A K Swamy Nagar, Kilpauk, Chennai, Tamil Nadu 600010, India",Yes,No,Yes,No,
,,Nan's Skin,093614 50558,"Sudharma Apartment, E-13, 1st St, A K Swamy Nagar, Kilpauk, Chennai, Tamil Nadu 600010, India",Yes,No,Yes,No,
,,"250, Main St",,"250, Main St, Teachers Colony, Chennai, Tamil Nadu 600053, India",Yes,No,Yes,No,
,,71 E 110th St sp1,,"71 E 110th St sp1, New York, NY 10029, USA",Yes,No,Yes,No,
,,Nan's Skin,093614 50558,"Sudharma Apartment, E-13, 1st St, A K Swamy Nagar, Kilpauk, Chennai, Tamil Nadu 600010, India",Yes,No,Yes,No,
,,Nan's Skin,093614 50558,"Sudharma Apartment, E-13, 1st St, A K Swamy Nagar, Kilpauk, Chennai, Tamil Nadu 600010, India",Yes,No,Yes,No,
,,Nan's Skin,093614 50558,"Sudharma Apartment, E-13, 1st St, A K Swamy Nagar, Kilpauk, Chennai, Tamil Nadu 600010, India",Yes,No,Yes,No,
,,46 London End,,"46 London End, Beaconsfield HP9 2JH, UK",Yes,Yes,Yes,No,
,,3901 E Pear St,,"3901 E Pear St, Pearland, TX 77581, USA",Yes,No,Yes,No,
,,Nan's Skin,093614 50558,"Sudharma Apartment, E-13, 1st St, A K Swamy Nagar, Kilpauk, Chennai, Tamil Nadu 600010, India",Yes,No,Yes,No,
,,"137, Velachery - Tambaram Main Rd",,"137, Velachery - Tambaram Main Rd, near bhubaneshwari Nagar, Subramaniam Colony, Bhuvaneshwari Nagar, Velachery, Chennai, Tamil Nadu 600042, India",Yes,No,Yes,No,
,,Kennedy Ln,,"Kennedy Ln, St.Thomas Mount-cum-Pallavaram, Tamil Nadu 600043, India",Yes,No,Yes,No,
,,271 Kelly Blvd,,"271 Kelly Blvd, Staten Island, NY 10314, USA",Yes,Yes,Yes,No,
,,475 Tuckahoe Rd #201,,"475 Tuckahoe Rd #201, Yonkers, NY 10710, USA",Yes,Yes,Yes,No,
,,113 Maple Stream Rd,,"113 Maple Stream Rd, East Windsor, NJ 08520, USA",Yes,Yes,Yes,No,
,,415 Avenel St,,"415 Avenel St, Avenel, NJ 07001, USA",Yes,Yes,Yes,No,
,,Nan's Skin,093614 50558,"Sudharma Apartment, E-13, 1st St, A K Swamy Nagar, Kilpauk, Chennai, Tamil Nadu 600010, India",Yes,No,Yes,No,
,,Jai Prakash Narayan Setu Bridge,,"Jai Prakash Narayan Setu Bridge, Jamshedpur, Jharkhand 831001, India",Yes,Yes,Yes,No,
,,Industrial Area,,"Industrial Area, Saidapet, Chennai, Tamil Nadu, India",Yes,Yes,Yes,No,
,,1875 UT-13,,"1875 UT-13, Brigham City, UT 84302, USA",Yes,No,Yes,No,
,,530 Hogg Crescent,,"530 Hogg Crescent, Saskatoon, SK S7N 3V6, Canada",Yes,Yes,Yes,No,
,,Elizabeth Rani St,,"Elizabeth Rani St, Anna Nagar, Chitlapakkam, Chennai, Tamil Nadu 600064, India",Yes,No,Yes,No,
,,31 Peldon Ct,,"31 Peldon Ct, Sheen Rd, Richmond TW9 1YT, UK",Yes,No,Yes,No,
,,323-327 Railton Rd,,"323-327 Railton Rd, London SE24 0JN, UK",Yes,No,Yes,No,
,,"10/200, 16th West Cross St",,"10/200, 16th West Cross St, C-Sector, Anna Nagar West Extension, Chennai, Tamil Nadu 600101, India",Yes,No,Yes,No,
,,"119, 33rd St",,"119, 33rd St, TNHB Colony, Villivakkam, Chennai, Tamil Nadu 600049, India",Yes,No,Yes,No,
,,Chennai Metro Line 2,,"Chennai Metro Line 2, Chennai, Tamil Nadu, India",Yes,Yes,Yes,No,
,,74th St,,"74th St, Sector 12, K. K. Nagar, Chennai, Tamil Nadu 600078, India",Yes,No,Yes,No,
,,,,,,,,N/A,No result found
,,56 Hawthorne Ave,,"56 Hawthorne Ave, Hamden, CT 06517, USA",Yes,No,Yes,No,
,,800 Ave O S,,"800 Ave O S, Saskatoon, SK S7M 2S7, Canada",Yes,No,Yes,No,
,,,,,,,,N/A,No result found
,,,,,,,,N/A,No result found
,,2325 Preston Ave S,,"2325 Preston Ave S, Saskatoon, SK S7J 2G2, Canada",Yes,Yes,Yes,No,
,,,,,,,,N/A,No result found
,,,,,,,,N/A,No result found
,,Wdcf Dr,,"Wdcf Dr, Florida 33525, USA",Yes,No,Yes,No,
,,Nan's Skin,093614 50558,"Sudharma Apartment, E-13, 1st St, A K Swamy Nagar, Kilpauk, Chennai, Tamil Nadu 600010, India",Yes,No,Yes,No,
,,Nan's Skin,093614 50558,"Sudharma Apartment, E-13, 1st St, A K Swamy Nagar, Kilpauk, Chennai, Tamil Nadu 600010, India",Yes,No,Yes,No,
,,8315 NW 64th St Suite 8,,"8315 NW 64th St Suite 8, Miami, FL 33166, USA",Yes,No,Yes,No,
,,"10-336, 19th St",,"10-336, 19th St, C-Sector, Agatiyar Nagar, Chennai, Tamil Nadu 600049, India",Yes,No,Yes,No,
,,Nan's Skin,093614 50558,"Sudharma Apartment, E-13, 1st St, A K Swamy Nagar, Kilpauk, Chennai, Tamil Nadu 600010, India",Yes,No,Yes,No,
,,Nan's Skin,093614 50558,"Sudharma Apartment, E-13, 1st St, A K Swamy Nagar, Kilpauk, Chennai, Tamil Nadu 600010, India",Yes,No,Yes,No,
,,Parkside Cafe,(727) 546-3600,"8180 49th St N, Pinellas Park, FL 33781, USA",Yes,No,Yes,No,
,,133 Gales Dr,,"133 Gales Dr, New Providence, NJ 07974, USA",Yes,Yes,Yes,No,
,,342 US-9,,"342 US-9, Marmora, NJ 08223, USA",Yes,Yes,Yes,No,
,,"Orthopaedic Institute at Huntington, 155 East Main Street",(631) 470-8379,"155 E Main St, Huntington, NY 11743, USA",Yes,Yes,Yes,No,
,,1 Eastern Ave,,"1 Eastern Ave, Kensington NSW 2033, Australia",Yes,Yes,Yes,No,
,,E Main Rd,,"E Main Rd, Anna Nagar West Extension, Chennai, Tamil Nadu 600101, India",Yes,No,Yes,No,
,,100 Overlook Dr,,"100 Overlook Dr, Woodcliff Lake, NJ 07677, USA",Yes,Yes,Yes,No,
,,85 Raritan Ave Suite 430,,"85 Raritan Ave Suite 430, Highland Park, NJ 08904, USA",Yes,Yes,Yes,No,
,,180 N County Line Rd,,"180 N County Line Rd, Jackson Township, NJ 08527, USA",Yes,Yes,Yes,No,
,,59 E Mill Rd # 102,,"59 E Mill Rd # 102, Long Valley, NJ 07853, USA",Yes,Yes,Yes,No,
,,1103 8 St E,,"1103 8 St E, Saskatoon, SK S7H 0S3, Canada",Yes,Yes,Yes,No,
,,Agra - Lucknow Expy,,"Agra - Lucknow Expy, Uttar Pradesh, India",Yes,No,Yes,No,
,,100 Maryland Ave SW,,"100 Maryland Ave SW, Washington, DC 20002, USA",Yes,No,Yes,No,
,,,,,,,,N/A,No result found
,,Nan's Skin,093614 50558,"Sudharma Apartment, E-13, 1st St, A K Swamy Nagar, Kilpauk, Chennai, Tamil Nadu 600010, India",Yes,No,Yes,No,
,,1608 8 St E,,"1608 8 St E, Saskatoon, SK S7H 0T3, Canada",Yes,Yes,Yes,No,
,,KFC Yum! Center,(502) 690-9000,"1 Arena Plaza, Louisville, KY 40202, USA",Yes,Yes,Yes,No,
,,"81, Victoria Gdns Rd",,"81, Victoria Gdns Rd, Jai Nagar, Arumbakkam, Chennai, Tamil Nadu 600106, India",Yes,No,Yes,No,
,,324 Trinity Rd,,"324 Trinity Rd, Carbon Hill, AL 35549, USA",Yes,No,Yes,No,
,,"2, Church St",,"2, Church St, Karpaga Vinayagar Colony, Valasaravakkam, Chennai, Tamil Nadu 600087, India",Yes,No,Yes,No,
,,"7, Baker Street",,"7, Baker Street, Parry's Corner, George Town, Chennai, Tamil Nadu 600001, India",Yes,No,Yes,No,
,,1010 Reisterstown Rd,,"1010 Reisterstown Rd, Pikesville, MD 21208, USA",Yes,No,Yes,No,
,,Airport Rd,,"Airport Rd, Meenambakkam, Chennai, Tamil Nadu 600016, India",Yes,No,Yes,No,
,,Bomfyle Road,,"Bomfyle Road, Shillong, Meghalaya, India",Yes,Yes,Yes,No,
,,Name 1,,"3723+624, Cathedral Rd, Ellaiamman Colony, Gopalapuram, Chennai, Tamil Nadu 600086, India",Yes,No,Yes,No,
,,,,,,,,N/A,No result found
,,Nan's Skin,093614 50558,"Sudharma Apartment, E-13, 1st St, A K Swamy Nagar, Kilpauk, Chennai, Tamil Nadu 600010, India",Yes,No,Yes,No,
,,74th St,,"74th St, Sector 12, K. K. Nagar, Chennai, Tamil Nadu 600078, India",Yes,No,Yes,No,
,,,,,,,,N/A,No result found
,,2493 Lamington Rd b,,"2493 Lamington Rd b, Bedminster, NJ 07921, USA",Yes,No,Yes,No,
,,177 Thompson St,,"177 Thompson St, New York, NY 10012, USA",Yes,No,Yes,No,
,,700 US-130 #107,,"700 Professional Plaza, 700 US-130 #107, Cinnaminson, NJ 08077, USA",Yes,Yes,Yes,No,
,,"124, W Main Rd",,"124, W Main Rd, Kumudam Nagar, Mugalivakkam, Chennai, Tamil Nadu 600125, India",Yes,No,Yes,No,
,,1240 N Pitt St Suite 100,,"1240 N Pitt St Suite 100, Alexandria, VA 22314, USA",Yes,No,Yes,No,
,,Nan's Skin,093614 50558,"Sudharma Apartment, E-13, 1st St, A K Swamy Nagar, Kilpauk, Chennai, Tamil Nadu 600010, India",Yes,No,Yes,No,
,,Nan's Skin,093614 50558,"Sudharma Apartment, E-13, 1st St, A K Swamy Nagar, Kilpauk, Chennai, Tamil Nadu 600010, India",Yes,No,Yes,No,
,,Nan's Skin,093614 50558,"Sudharma Apartment, E-13, 1st St, A K Swamy Nagar, Kilpauk, Chennai, Tamil Nadu 600010, India",Yes,No,Yes,No,
,,Nan's Skin,093614 50558,"Sudharma Apartment, E-13, 1st St, A K Swamy Nagar, Kilpauk, Chennai, Tamil Nadu 600010, India",Yes,No,Yes,No,
,,"115, 3rd Ave",,"115, 3rd Ave, TNEB Colony, Korattur, Chennai, Tamil Nadu 600053, India",Yes,No,Yes,No,
,,Nan's Skin,093614 50558,"Sudharma Apartment, E-13, 1st St, A K Swamy Nagar, Kilpauk, Chennai, Tamil Nadu 600010, India",Yes,No,Yes,No,
,,Nan's Skin,093614 50558,"Sudharma Apartment, E-13, 1st St, A K Swamy Nagar, Kilpauk, Chennai, Tamil Nadu 600010, India",Yes,No,Yes,No,
,,1608 8 St E,,"1608 8 St E, Saskatoon, SK S7H 0T3, Canada",Yes,Yes,Yes,No,
,,Nan's Skin,093614 50558,"Sudharma Apartment, E-13, 1st St, A K Swamy Nagar, Kilpauk, Chennai, Tamil Nadu 600010, India",Yes,No,Yes,No,
,,Nan's Skin,093614 50558,"Sudharma Apartment, E-13, 1st St, A K Swamy Nagar, Kilpauk, Chennai, Tamil Nadu 600010, India",Yes,No,Yes,No,
,,Nan's Skin,093614 50558,"Sudharma Apartment, E-13, 1st St, A K Swamy Nagar, Kilpauk, Chennai, Tamil Nadu 600010, India",Yes,No,Yes,No,
,,Nan's Skin,093614 50558,"Sudharma Apartment, E-13, 1st St, A K Swamy Nagar, Kilpauk, Chennai, Tamil Nadu 600010, India",Yes,No,Yes,No,
,,Nan's Skin,093614 50558,"Sudharma Apartment, E-13, 1st St, A K Swamy Nagar, Kilpauk, Chennai, Tamil Nadu 600010, India",Yes,No,Yes,No,
,,"Tv. dos Pontífices, 35 - Jardim Nossa Sra. Aparecida",,"Tv. dos Pontífices, 35 - Jardim Nossa Sra. Aparecida, Francisco Morato - SP, 07936-050, Brazil",Yes,No,Yes,No,
,,2657 NE 189th St,,"2657 NE 189th St, Shoreline, WA 98155, USA",Yes,No,Yes,No,
,,SPRINGFIELD,,"Plot No. 27, Door No.36, 41, 1st Main Rd W, Bharathi Puram, Shenoy Nagar, Chennai, Tamil Nadu 600030, India",Yes,No,Yes,No,
,,405 Avenue B S #110,,"405 Avenue B S #110, Saskatoon, SK S7M 5N3, Canada",Yes,No,Yes,No,
,,1 Aspen St,,"1 Aspen St, Moonee Ponds VIC 3039, Australia",Yes,Yes,Yes,No,
,,,,,,,,N/A,No result found
,,59 Cadogan St,,"59 Cadogan St, London SW3 2QJ, UK",Yes,No,Yes,No,
,,"130, 4th St",,"130, 4th St, Bharatheeswarar Colony, Bharatheswarar Colony, Choolaimedu, Chennai, Tamil Nadu 600024, India",Yes,No,Yes,No,
,,Al Muntazah,,"Al Muntazah, Doha, Qatar",Yes,Yes,Yes,No,
,,Nan's Skin,093614 50558,"Sudharma Apartment, E-13, 1st St, A K Swamy Nagar, Kilpauk, Chennai, Tamil Nadu 600010, India",Yes,No,Yes,No,
,,91 Central Park West Corporation,(212) 877-0381,"91 Central Prk W, New York, NY 10023, USA",Yes,No,Yes,No,
,,1148 N Irving St,,"1148 N Irving St, Arlington, VA 22201, USA",Yes,Yes,Yes,No,
,,"38, Main St",,"38, Main St, Nehru Nagar, Anna Nagar, Chennai, Tamil Nadu 600040, India",Yes,No,Yes,No,
,,495 Union Ave #1b,,"495 Union Ave #1b, Middlesex, NJ 08846, USA",Yes,Yes,Yes,No,
,,77 Brant Ave #210,,"77 Brant Ave #210, Clark, NJ 07066, USA",Yes,Yes,Yes,No,
,,65 Mountain Blvd Ste 202-204,,"65 Mountain Blvd Ste 202-204, Warren, NJ 07059, USA",Yes,Yes,Yes,No,
,,"106, 4th Cross St",,"106, 4th Cross St, Vaishnavi Nagar, Cholambedu, Chennai, Tamil Nadu 600109, India",Yes,No,Yes,No,
,,506 Hamburg Tpke #202,,"506 Hamburg Tpke #202, Wayne, NJ 07470, USA",Yes,Yes,Yes,No,
,,3322 US-22 #1106,,"3322 US-22 #1106, Branchburg, NJ 08876, USA",Yes,Yes,Yes,No,
,,680 Speedwell Ave,,"680 Speedwell Ave, Morris Plains, NJ 07950, USA",Yes,No,Yes,No,
,,1 World Wy,,"1 World Wy, Los Angeles, CA 90045, USA",Yes,Yes,Yes,No,
,,501 Battersea Park Rd,,"501 Battersea Park Rd, London SW11 4LW, UK",Yes,No,Yes,No,
,,"172/1, 9th Main Rd",,"172/1, 9th Main Rd, 8th Block, Kaviarasu Kannadhasan Nagar, Kodungaiyur, Chennai, Tamil Nadu 600118, India",Yes,No,Yes,No,
,,125 Gloucester Rd,,"125 Gloucester Rd, South Kensington, London SW7 4TE, UK",Yes,No,Yes,No,
,,21 Replingham Rd,,"21 Replingham Rd, London SW18 5LT, UK",Yes,No,Yes,No,
,,162 Kensington Church St,,"162 Kensington Church St, London W8 4BN, UK",Yes,No,Yes,No,
,,235 Banbury Rd,,"235 Banbury Rd, London, ON N5Z 4M1, Canada",Yes,No,Yes,No,
,,296 King's Rd,,"296 King's Rd, London SW3 5UG, UK",Yes,No,Yes,No,
,,Kayarmanj,,"Kayarmanj, MG Rd, Ballalbagh, Kodailbail, Mangaluru, Karnataka 575003, India",Yes,No,Yes,No,
,,Nan's Skin,093614 50558,"Sudharma Apartment, E-13, 1st St, A K Swamy Nagar, Kilpauk, Chennai, Tamil Nadu 600010, India",Yes,No,Yes,No,
,,28244 Diehl Rd,,"28244 Diehl Rd, Warrenville, IL 60555, USA",Yes,No,Yes,No,
,,415 Avenel St,,"415 Avenel St, Avenel, NJ 07001, USA",Yes,Yes,Yes,No,
,,Nan's Skin,093614 50558,"Sudharma Apartment, E-13, 1st St, A K Swamy Nagar, Kilpauk, Chennai, Tamil Nadu 600010, India",Yes,No,Yes,No,
,,Nan's Skin,093614 50558,"Sudharma Apartment, E-13, 1st St, A K Swamy Nagar, Kilpauk, Chennai, Tamil Nadu 600010, India",Yes,No,Yes,No,
,,Nan's Skin,093614 50558,"Sudharma Apartment, E-13, 1st St, A K Swamy Nagar, Kilpauk, Chennai, Tamil Nadu 600010, India",Yes,No,Yes,No,
,,Nan's Skin,093614 50558,"Sudharma Apartment, E-13, 1st St, A K Swamy Nagar, Kilpauk, Chennai, Tamil Nadu 600010, India",Yes,No,Yes,No,
,,Nan's Skin,093614 50558,"Sudharma Apartment, E-13, 1st St, A K Swamy Nagar, Kilpauk, Chennai, Tamil Nadu 600010, India",Yes,No,Yes,No,
,,Nan's Skin,093614 50558,"Sudharma Apartment, E-13, 1st St, A K Swamy Nagar, Kilpauk, Chennai, Tamil Nadu 600010, India",Yes,No,Yes,No,
,,Nan's Skin,093614 50558,"Sudharma Apartment, E-13, 1st St, A K Swamy Nagar, Kilpauk, Chennai, Tamil Nadu 600010, India",Yes,No,Yes,No,
,,Navalur Rd,,"Navalur Rd, Navalur, Tamil Nadu 636116, India",Yes,No,Yes,No,
,,McDonald's,(306) 955-8660,"2225 22 St W, Saskatoon, SK S7M 0V5, Canada",Yes,Yes,Yes,No,
,,640 24th Pl SW,,"640 24th Pl SW, Vero Beach, FL 32962, USA",Yes,Yes,Yes,No,
,,Nan's Skin,093614 50558,"Sudharma Apartment, E-13, 1st St, A K Swamy Nagar, Kilpauk, Chennai, Tamil Nadu 600010, India",Yes,No,Yes,No,
,,1600 Parker Ave,,"1600 Parker Ave, Fort Lee, NJ 07024, USA",Yes,Yes,Yes,No,
,,7-Eleven,(760) 598-0590,"298 Sycamore Ave, Vista, CA 92083, USA",Yes,No,Yes,No,
,,Bora Hospital,044 2381 0434,"39, Subramania Mudali St, Suriyammapet, Saidapet, Chennai, Tamil Nadu 600015, India",Yes,No,Yes,No,
,,ChiroPlus Wellness Center,(732) 290-8950,"3883 County Rd 516, Old Bridge, NJ 08857, USA",Yes,Yes,Yes,No,
,,101,,"101, 135, Samayapuram Main Rd, near Ganesh Hardwares, Karambakkam, Samayapuram Nagar, Porur, Chennai, Tamil Nadu 600116, India",Yes,No,Yes,No,
,,"10, Anderson Rd",,"10, Anderson Rd, Chinna Chembarambakkam, Ayanavaram, Chennai, Tamil Nadu 600023, India",Yes,No,Yes,No,
,,101 Union Ave,,"101 Union Ave, Syracuse, NY 13203, USA",Yes,Yes,Yes,No,
,,736 Mountain Blvd,,"736 Mountain Blvd, Oakland, CA 94611, USA",Yes,Yes,Yes,No,
,,Nan's Skin,093614 50558,"Sudharma Apartment, E-13, 1st St, A K Swamy Nagar, Kilpauk, Chennai, Tamil Nadu 600010, India",Yes,No,Yes,No,
